Authors,Author full names,Author(s) ID,Title,Year,Source title,Volume,Issue,Art. No.,Page start,Page end,Cited by,DOI,Link,Abstract,Author Keywords,Index Keywords,Document Type,Publication Stage,Open Access,Source,EID,Country
Wani A.; Joshi I.; Khandve S.; Wagh V.; Joshi R.,"Wani, Apurva (57222068329); Joshi, Isha (57222074171); Khandve, Snehal (57222069096); Wagh, Vedangi (57222073892); Joshi, Raviraj (57204774497)",57222068329; 57222074171; 57222069096; 57222073892; 57204774497,Evaluating Deep Learning Approaches for Covid19 Fake News Detection,2021,Communications in Computer and Information Science,1402 CCIS,,,153.0,163.0,133,10.1007/978-3-030-73696-5_15,https://www.scopus.com/pages/publications/85104794025?origin=resultslist,"Social media platforms like Facebook, Twitter, and Instagram have enabled connection and communication on a large scale. It has revolutionized the rate at which information is shared and enhanced its reach. However, another side of the coin dictates an alarming story. These platforms have led to an increase in the creation and spread of fake news. The fake news has not only influenced people in the wrong direction but also claimed human lives. During these critical times of the Covid19 pandemic, it is easy to mislead people and make them believe in fatal information. Therefore it is important to curb fake news at source and prevent it from spreading to a larger audience. We look at automated techniques for fake news detection from a data mining perspective. We evaluate different supervised text classification algorithms on Contraint@AAAI 2021 Covid-19 Fake news detection dataset. The classification algorithms are based on Convolutional Neural Networks (CNN), Long Short Term Memory (LSTM), and Bidirectional Encoder Representations from Transformers (BERT). We also evaluate the importance of unsupervised learning in the form of language model pre-training and distributed word representations using unlabelled covid tweets corpus. We report the best accuracy of 98.41% on the Covid-19 Fake news detection dataset. © 2021, Springer Nature Switzerland AG.",Convolutional neural networks; Fake news; Language model pretraining; Long short term memory; Transformers,Brain; Classification (of information); Computational linguistics; Convolution; Convolutional neural networks; Data mining; Fake detection; Learning systems; Social networking (online); Text processing; Classification algorithm; Convolutional neural network; Facebook; Fake news; Language model; Language model pretraining; Learning approach; Pre-training; Social media platforms; Transformer; Long short-term memory,Conference paper,Final,All Open Access; Green Open Access,Scopus,2-s2.0-85104794025,Unknown
Subramanian K.N.; Ganapathy T.,"Subramanian, Kiruthika Nallichery (55420781200); Ganapathy, Thailambal (57189250428)",55420781200; 57189250428,Light weight recommendation system for social networking analysis using a hybrid BERT-SVM classifier algorithm,2022,"Scientific and Technical Journal of Information Technologies, Mechanics and Optics",22,4,,769.0,778.0,1,10.17586/2226-1494-2022-22-4-769-778,https://www.scopus.com/pages/publications/85137669398?origin=resultslist,"Social media platforms, such as Twitter, Instagram, and Facebook, have facilitated mass communication and connection. Due to the development as well as the advancement of social platforms, the spreading of fake news has increased. Many studies have been performed for detecting fake news with machine learning algorithms; but these existing methods had several difficulties, such as rapid propagation, access method and insignificant selection of features, and low accuracy of the text classification. Therefore, to overcome these issues, this paper proposed a hybrid Bidirectional Encoder Representations from Transformers — Support Vector Machine (BERT-SVM) model with a recommendation system that used to predict whether the information is fake or real. The proposed model consists of three phases: preprocessing, feature selection and classification. The dataset is gathered from Twitter social media related to COVID-19 real-time data. Preprocessing stage comprises Splitting, Stop word removal, Lemmatization and Spell correction. Term Frequency Inverse Document Frequency (TF-IDF) converter is utilized to extract the features and convert text to binary vectors. A hybrid BERT-SVM classification model is used to predict the data. Finally, the predicted data is compared with the preprocessed data. The proposed model is implemented in MATLAB software with several performance metrics carried out, and these parameters attained better performance: accuracy is 98 %, the error is 2 %, precision is 99 %, specificity is 99 %, and sensitivity is 98 %. Therefore the better effectiveness of the proposed model than existing approaches is shown. The proposed social networking analysis model provides effective fake news prediction that can be used to identify the Twitter comments, either real or fake. © Kiruthika N.S., Thailambal G., 2022.",BERT; fake news detection; hybrid BERT-SVM; social networking analysis; SVM; TF/IDF,,Article,Final,All Open Access; Gold Open Access; Green Open Access,Scopus,2-s2.0-85137669398,Unknown
Tretiakov A.; Martín A.; Camacho D.,"Tretiakov, Arsenii (57200308513); Martín, Alejandro (57143182900); Camacho, David (7003774102)",57200308513; 57143182900; 7003774102,Detection of False Information in Spanish Using Machine Learning Techniques,2022,Lecture Notes in Computer Science (including subseries Lecture Notes in Artificial Intelligence and Lecture Notes in Bioinformatics),13756 LNCS,,,42.0,53.0,5,10.1007/978-3-031-21753-1_5,https://www.scopus.com/pages/publications/85144824687?origin=resultslist,"This research focuses on the detection of false claims in Spanish through the use of machine learning techniques. Most of the current work related to automated, or semi-automated, fake news detections are carried out for the English language, however, there is still a large room for improvement in other languages such as Spanish. The detection of fake news content and its dissemination (spread) in online platforms is an open and hard problem, this work is focused on the detection of false and misleading information spreading during the election campaign in the Spanish Parliament and Catalonia crisis in 2019, migration crisis, COVID-19 pandemic, and hate speech against minorities. We propose the use of a machine learning model adapted for dealing with human language understanding tasks, called BERT, which has been trained and experimentally tested. We have collected a corpus of different types of false information and claims such as articles, posts on Facebook, WhatsApp’s messages, tweets, and others. The results evidence how usage of machine learning techniques can help in the identification of false statements with more than 88% accuracy, and in collecting samples of false information. The experiments, with a comparison between different machine learning methods, have also been carried out using previous datasets, providing a comparison between different approaches. © 2022, The Author(s), under exclusive license to Springer Nature Switzerland AG.",Fake news; False information; Machine learning; Mass media; Media literacy; Social media,Automation; Fake detection; Learning algorithms; Machine learning; Social networking (online); 'current; Fake news; False information; Machine learning techniques; Machine-learning; Mass media; Medium literacy; Research focus; Social media; Work-related; COVID-19,Conference paper,Final,,Scopus,2-s2.0-85144824687,Unknown
Cusmuliuc C.G.; Amarandei M.A.; Pelin I.; Cociorva V.I.; Iftene A.,"Cusmuliuc, Ciprian G. (57210371590); Amarandei, Matei A. (57231805500); Pelin, Ioana (57232033400); Cociorva, Vlad I. (57232033500); Iftene, Adrian (23397232600)",57210371590; 57231805500; 57232033400; 57232033500; 23397232600,UAICS at CheckThat! 2021: Fake news detection,2021,CEUR Workshop Proceedings,2936,,,494.0,507.0,0,,https://www.scopus.com/pages/publications/85113560603?origin=resultslist,"Social media growth in recent years has facilitated an enhancement in human communication. Platforms such as Facebook and Twitter are now ever-present in our lives, influencing how we speak, think and act. The growth of fake news greatly impacts this phenomenon as it lowers one's trust in the content presented. One such example is related to the 2016 U.S. presidential election campaign where fake news was a deciding factor in tipping the balance of power. It is hence of critical importance to develop tools that detect and combat such destructive content. CLEF 2021 CheckThat! Task 3 tries to address the problem of fake news, posing a challenge to develop systems that could detect if the main claim made in an article is true, partially true, false, or other. Our team participated in this task with 5 models, ranking 6th place with an F1-macro of 0.44 and a model based on Gradient Boosting; in this paper we will present our methods, runs and results but also discuss future work. © 2021 Copyright for this paper by its authors. Use permitted under Creative Commons License Attribution 4.0 International (CC BY 4.0).",BERT; Bi-LSTM; Fake news detection; Gradient boosting; KNN; LSTM; Naïve bayes; Random forest; RoBERTa,Barium compounds; Fake detection; Long short-term memory; Random forests; Social networking (online); Sodium compounds; BERT; Bi-LSTM; Fake news detection; Gradient boosting; KNN; LSTM; Naive bayes; Random forests; RoBERTa; Social media; Decision trees,Conference paper,Final,,Scopus,2-s2.0-85113560603,Unknown
Rizal R.; Faturahman A.; Impron A.; Darmawan I.; Haerani E.; Rahmatulloh A.,"Rizal, Randi (58117430800); Faturahman, Ade (59730798900); Impron, Ali (59730726600); Darmawan, Irfan (55547466700); Haerani, Erna (58104802300); Rahmatulloh, Alam (57210469316)",58117430800; 59730798900; 59730726600; 55547466700; 58104802300; 57210469316,Unveiling the Truth: Detecting Fake News Using SVM and TF-IDF,2025,"ICADEIS 2025 - 2025 International Conference on Advancement in Data Science, E-learning and Information System: Integrating Data Science and Information System, Proceeding",,,,,,1,10.1109/ICADEIS65852.2025.10933324,https://www.scopus.com/pages/publications/105002282986?origin=resultslist,"The spread of fake news on social media platforms such as Facebook, Instagram, and X has become a significant issue in the digital era due to its negative societal and informational impacts. The rapid dissemination of unverified information often leads to misinformation and confusion, highlighting the critical need for reliable detection methods. This study aims to classify and detect fake news by optimizing the Support Vector Machine (SVM) machine learning algorithm using the Term Frequency-Inverse Document Frequency (TFIDF) technique. Two publicly available Kaggle datasets, containing labeled fake and real news, were utilized as the foundation for this research. The research results demonstrate that the SVM algorithm, when optimized with TF-IDF, achieved the highest accuracy of 99.6% compared to other commonly used machine learning algorithms such as Random Forest and Logistic Regression. This highlights the effectiveness of TF-IDF in improving the feature extraction process, enabling the model to better differentiate between fake and real news. These findings underscore the potential of SVM as a reliable tool for combating misinformation. To further enhance fake news detection, future research should explore the use of more comprehensive, multilingual, and complex datasets to better reflect real-world scenarios. Additionally, employing transformer-based approaches, such as BERT, GPT, or similar models, could provide a deeper understanding of linguistic context and semantic relationships, ultimately improving the robustness and accuracy of fake news detection systems.  © 2025 IEEE.",fake news; machine learning; news detection; social media; SVM; TF-IDF,Adversarial machine learning; Decision trees; Semantics; Digital era; Facebook; Fake news; Machine learning algorithms; Machine-learning; News detection; Social media; Social media platforms; Support vectors machine; TF-IDF; Support vector machines,Conference paper,Final,,Scopus,2-s2.0-105002282986,Unknown
Suryono M.E.P.; Djunaidy A.,"Suryono, Muhammad Erlangga Putra (59514716100); Djunaidy, Arif (56121634800)",59514716100; 56121634800,Enhancing Hate Speech Detection on Social Media through Sentiment Analysis and Transformer-Based Deep Learning Techniques,2024,Proceedings - ICE3IS 2024: 4th International Conference on Electronic and Electrical Engineering and Intelligent System: Leading-Edge Technologies for Sustainable Societies,,,,420.0,425.0,2,10.1109/ICE3IS62977.2024.10775785,https://www.scopus.com/pages/publications/85215117276?origin=resultslist,"The widespread use of social media platforms like Facebook, Twitter, Instagram, and YouTube has fundamentally changed the way we communicate, allowing for the rapid exchange of information and fostering a sense of connectivity like never before. However, the lack of oversight on these platforms has also led to significant issues, such as the spread of misinformation, fake news, and hate speech. Our research aims to tackle these problems by integrating sentiment analysis with hate speech detection to enhance the performance of models analyzing social media data. We delve into recent studies and technological advancements to shed light on the benefits and limitations of sentiment analysis in this area. We conducted experiments using various deep learning models, including RNN, CNN, and LSTM, to determine the impact of sentiment analysis on detecting hate speech. Our findings reveal that incorporating sentiment analysis improves the accuracy of these models. Notably, the LSTM model achieved the highest accuracy at 69.77% when combined with sentiment analysis, a significant improvement from its baseline accuracy of 67.52%. Moreover, we found that using BERT word embeddings alongside sentiment analysis further boosts performance, underscoring the importance of advanced NLP techniques in creating effective hate speech detection systems. This research highlights the critical role that combining sentiment analysis with deep learning can play in better identifying and mitigating hate speech on social media, marking an important step forward in this field. © 2024 IEEE.",deep learning; hate speech; natural language processing; sentiment analysis,Contrastive Learning; Speech analysis; Deep learning; Hate speech; Language processing; Learning techniques; Natural language processing; Natural languages; Performance; Sentiment analysis; Social media; Speech detection; Tweets,Conference paper,Final,,Scopus,2-s2.0-85215117276,Unknown
Radhi A.D.; Al Naffakh H.A.H.; Fuqdan A.-I.; Hakim B.A.; Al-Attar B.,"Radhi, Ahmed Dheyaa (57209268513); Al Naffakh, Hussein Ali Hussein (57219030335); Fuqdan, AL-Ibraheemi (57215840174); Hakim, Baqer A. (58296733100); Al-Attar, Bourair (57224767048)",57209268513; 57219030335; 57215840174; 58296733100; 57224767048,A comprehensive review of machine learning-based models for fake news detection,2024,BIO Web of Conferences,97,,00123,,,7,10.1051/bioconf/20249700123,https://www.scopus.com/pages/publications/85190611430?origin=resultslist,"The internet's role in the spread of fake news has made it a serious problem that calls for sophisticated techniques for its automatic detection. To counter the quick spread of misleading material on social media sites, including Facebook, Twitter, Instagram, and WhatsApp, this study explores the domain of deep learning methods and various classification strategies. In particular, the study investigates the application of transformer-based models like BERT, recurrent neural networks (RNNs), and convolutional neural networks (CNNs) for the detection of false news. To provide context for the results, the examination covers a wide range of historical and contemporary trends in the spread of fake news. The study uses strict criteria, including precision, recall, and F1 score, to assess how effective the suggested models are. The created methodologies are validated for effectiveness by using benchmark datasets. This study emphasizes how urgent it is to address the growing problem of fake news, especially as it relates to its use in psychological warfare and clickbait to generate revenue. Through the clarification of the methods, duration, and standards of evaluation used, this research adds to the current conversation on dispelling false information in the digital era. © The Authors, published by EDP Sciences. This is an open access article distributed under the terms of the Creative Commons Attribution License 4.0 (https://creativecommons.org/licenses/by/4.0/).",,,Conference paper,Final,All Open Access; Gold Open Access; Green Open Access,Scopus,2-s2.0-85190611430,Unknown
Wani M.A.; Elaffendi M.; Shakil K.A.; Abuhaimed I.M.; Nayyar A.; Hussain A.; El-Latif A.A.A.,"Wani, Mudasir Ahmad (57196054158); Elaffendi, Mohammad (6507794725); Shakil, Kashish Ara (56879032400); Abuhaimed, Ibrahem Mohammed (57216500541); Nayyar, Anand (55201442200); Hussain, Amir (19734290900); El-Latif, Ahmed A. Abd (8578949200)",57196054158; 6507794725; 56879032400; 57216500541; 55201442200; 19734290900; 8578949200,Toxic Fake News Detection and Classification for Combating COVID-19 Misinformation,2024,IEEE Transactions on Computational Social Systems,11,4,,5101.0,5118.0,27,10.1109/TCSS.2023.3276764,https://www.scopus.com/pages/publications/85162660049?origin=resultslist,"The emergence of COVID-19 has led to a surge in fake news on social media, with toxic fake news having adverse effects on individuals, society, and governments. Detecting toxic fake news is crucial, but little prior research has been done in this area. This study aims to address this gap and identify toxic fake news to save time spent on examining nontoxic fake news. To achieve this, multiple datasets were collected from different online social networking platforms such as Facebook and Twitter. The latest samples were obtained by collecting data based on the topmost keywords extracted from the existing datasets. The instances were then labeled as toxic/nontoxic using toxicity analysis, and traditional machine-learning (ML) techniques such as linear support vector machine (SVM), conventional random forest (RF), and transformer-based ML techniques such as bidirectional encoder representations from transformers (BERT) were employed to design a toxic-fake news detection (FND) and classification system. As per the experiments, the linear SVM method outperformed BERT SVM, RF, and BERT RF with an accuracy of 92% and F1 -score, F21 -score, and F0.5 -score of 95%, 85%, and 87%, respectively. Upon comparison, the proposed approach has either suppressed or achieved results very close to the state-of-the-art techniques in the literature by recording the best values on performance metrics such as accuracy, F1-score, precision, and recall for linear SVM. Overall, the proposed methods have shown promising results and urge further research to restrain toxic fake news. In contrast to prior research, the presented methodology leverages toxicity-oriented attributes and BERT-based sequence representations to discern toxic counterfeit news articles from nontoxic ones across social media platforms. © 2014 IEEE.",Bidirectional encoder representations from transformers (BERT); emotion extraction; fake news; machine learning (ML); natural language processing (NLP); toxicity analysis,Data mining; Forestry; Learning algorithms; Learning systems; Natural language processing systems; Signal encoding; Social networking (online); Support vector machines; Toxicity; Bidirectional encoder representation from transformer; Emotion extractions; Fake news; Language processing; Machine learning; Machine-learning; Natural language processing; Natural languages; Radiofrequencies; Social networking (online); Support vectors machine; Toxicity analyse; Toxicology; Transformer; COVID-19,Article,Final,All Open Access; Green Open Access,Scopus,2-s2.0-85162660049,Unknown
De Santis E.; Martino A.; Ronci F.; Rizzi A.,"De Santis, Enrico (55903027600); Martino, Alessio (57194493625); Ronci, Francesca (58416536600); Rizzi, Antonello (7101771404)",55903027600; 57194493625; 58416536600; 7101771404,From Bag-of-Words to Transformers: A Comparative Study for Text Classification in Healthcare Discussions in Social Media,2025,IEEE Transactions on Emerging Topics in Computational Intelligence,9,1,,1063.0,1077.0,24,10.1109/TETCI.2024.3423444,https://www.scopus.com/pages/publications/85216016908?origin=resultslist,"One notable paradigm shift in Natural Language Processing has been the introduction of Transformers, revolutionizing language modeling as Convolutional Neural Networks did for Computer Vision. The power of Transformers, along with many other innovative features, also lies in the integration of word embedding techniques, traditionally used to represent words in a text and to build classification systems directly. This study delves into the comparison of text representation techniques for classifying users who generate medical topic posts on Facebook discussion groups. Short and noisy social media texts in Italian pose challenges for user categorization. The study employs two datasets, one for word embedding model estimation and another comprising discussions from users. The main objective is to achieve optimal user categorization through different pre-processing and embedding techniques, aiming at high generalization performance despite class imbalance. The paper has a dual purpose, i.e., to build an effective classifier, ensuring accurate information dissemination in medical discussions and combating fake news, and to explore also the representational capabilities of various LLMs, especially concerning BERT, Mistral and GPT-4. The latter is investigated using the in-context learning approach. Finally, data visualization tools are used to evaluate the semantic embeddings with respect to the achieved performance. This investigation, focusing on classification performance, compares the classic BERT and several hybrid versions (i.e., employing different training strategies and approximate Support Vector Machines in the classification layer) against LLMs and several Bag-of-Words based embedding (notably, one of the earliest approaches in text classification). This research offers insights into the latest developments in language modeling, advancing in the field of text representation and its practical application for user classification within medical discussions. © 2017 IEEE.",Embedding techniques; GPT-4; healthcare; large language models; mistral; natural language processing; social network analysis; text categorization; text mining; transformers,Convolutional neural networks; Distribution transformers; Modeling languages; Natural language processing systems; Network embeddings; Embedding technique; GPT-4; Healthcare; Language model; Language processing; Large language model; Mistral; Natural language processing; Natural languages; Social Network Analysis; Text categorization; Text-mining; Transformer; Semantics,Article,Final,All Open Access; Green Open Access,Scopus,2-s2.0-85216016908,Unknown
Safdar S.; Wasim M.,"Safdar, Sehrash (59550276500); Wasim, Muhammad (57198063948)",59550276500; 57198063948,DFN-SCNC: Detecting Fake News based on Social Context and News Content: A Hybrid Approach using BERT and Bi-GRU,2024,"2024 International Conference on Frontiers of Information Technology, FIT 2024",,,,,,6,10.1109/FIT63703.2024.10838445,https://www.scopus.com/pages/publications/85217362521?origin=resultslist,"The issue of online fake news is a major concern because many people rely on online platforms for updated information and news. With the massive amount of information on these platforms, fake news identification has become a daunting task. Users often rely on the reactions and comments of others in their social circle on these platforms to judge the credibility of news stories. Many researchers are actively working to detect online fake news by analyzing post titles and headlines. However, there is a considerable research gap as people’s comments are currently not being utilized for fake news detection on platforms such as Facebook and Instagram. Integrating people’s comments on such news into the fake news detection process is crucial in effectively detecting fake news. To address this challenge, we gather and organize two separate datasets FNID (Fake News Instagram Dataset) and FNFD (Fake News Facebook Dataset) containing news titles and comments. These datasets are specifically created to aid in the detection of online fake news. Subsequently, we propose an innovative hybrid model for news titles and users’ comments – DFN-SCNC (Detection of fake news based on social context and news content) – that combines BERT and Bi-GRU models. Our model, which combines BERT for tokenizing and extracting contextual vectors with Bi-GRU for analyzing post content and social interactions (comments), outperforms various state-of-the-art techniques achieving an F1-score of 97% and 91% on FNID and FNFD datasets respectively. © 2024 IEEE.",BERT; comments; Facebook; fake news; Instagram; social context; social media,BERT; Comment; Facebook; Fake news; Hybrid approach; Instagram; News content; Social context; Social media; Social news; Fake detection,Conference paper,Final,,Scopus,2-s2.0-85217362521,Unknown
Karim M.R.; Dey S.K.; Islam T.; Shajalal M.; Chakravarthi B.R.,"Karim, Md. Rezaul (59349249200); Dey, Sumon Kanti (57659988900); Islam, Tanhim (57535364100); Shajalal, Md (57192653588); Chakravarthi, Bharathi Raja (57201188126)",59349249200; 57659988900; 57535364100; 57192653588; 57201188126,Multimodal Hate Speech Detection from Bengali Memes and Texts,2023,Communications in Computer and Information Science,1802 CCIS,,,293.0,308.0,42,10.1007/978-3-031-33231-9_21,https://www.scopus.com/pages/publications/85173566054?origin=resultslist,"Numerous machine learning (ML) and deep learning (DL)-based approaches have been proposed to utilize textual data from social media for anti-social behavior analysis like cyberbullying, fake news detection, and identification of hate speech mainly for highly-resourced languages such as English. However, despite of having a lot of diversity and millions of native speakers, some languages like Bengali are under-resourced, which is due to lack of computational resources for natural language processing (NLP). Similar to other languages, Bengali social media contents also include images along with texts (e.g., multimodal memes are posted by embedding short texts into images on Facebook). Therefore, only the textual data is not enough to judge them since images might give extra context to make a proper judgement. This paper is about hate speech detection from multimodal Bengali memes and texts. We prepared the only multimodal hate speech dataset for-a-kind of problem for Bengali, which we use to train state-of-the-art neural architectures (e.g., Bi-LSTM/Conv-LSTM with word embeddings, ConvNets + pre-trained language models, e.g., monolingual Bangla BERT, multilingual BERT-cased/uncased, and XLM-RoBERTa) to jointly analyze textual and visual information for hate speech detection. Conv-LSTM and XLM-RoBERTa models performed best for texts, yielding F1 scores of 0.78 and 0.82, respectively. As of memes, ResNet-152 and DenseNet-161 models yield F1 scores of 0.78 and 0.79, respectively. As of multimodal fusion, XLM-RoBERTa + DenseNet-161 performed the best, yielding an F1 score of 0.83. Our study suggest that text modality is most useful for hate speech detection, while memes are moderately useful. © 2023, The Author(s), under exclusive license to Springer Nature Switzerland AG.",Bengali; Hate speech detection; Multimodal memes; Transformer language models; Under-resourced language; Word embeddings,Computational linguistics; Fake detection; Long short-term memory; Natural language processing systems; Social networking (online); Speech recognition; Visual languages; Bengalis; Embeddings; Hate speech detection; Language model; Multi-modal; Multimodal meme; Speech detection; Transformer language model; Under-resourced languages; Word embedding; Embeddings,Conference paper,Final,,Scopus,2-s2.0-85173566054,Unknown
Giri U.; Sharma A.; Pathak J.; Bedi K.; Singh P.; Sharma A.,"Giri, Udayan (58966821100); Sharma, Anil (58918666300); Pathak, Jayeshkumar (59670205800); Bedi, Kriti (58966798500); Singh, Pritpal (57246337000); Sharma, Anup (58548562500)",58966821100; 58918666300; 59670205800; 58966798500; 57246337000; 58548562500,Entrepreneurial Trust in Digital Marketing for self help groups : Analyzing AI Accuracy,2024,"2024 2nd International Conference Computational and Characterization Techniques in Engineering and Sciences, IC3TES 2024",,,,,,0,10.1109/IC3TES62412.2024.10877667,https://www.scopus.com/pages/publications/86000016650?origin=resultslist,"This study uses primary data to assess the efficacy of AI-based fake news detection methods on social media. We gathered 5,000 postings from Reddit, Facebook, and Twitter, of which 2,500 were fake news and the remaining 2,500 were legitimate news. The accuracy, recall, and F1-score of three AI models - BERT, GPT-3, and RoBERTa - were used to evaluate their performance that can be used by selgf help groups for Entrepreneurial venture. With accuracy rates of 85%, 81%, and 79%, respectively, our results show that BERT works better than GPT-3 and RoBERTa. When it came to detecting bogus news, BERT had the best precision (0.87) and F1-score (0.85). The need for better integration with current systems and the disparity in detection accuracy between platforms are obstacles. This study identifies opportunities for future development and sheds light on the efficacy of AI technologies for dispelling false information on social media. © 2024 IEEE.",Artificial Intelligence; Entrepreneurship; Machine Learning Accuracy; Self help groups; Social Media Analysis,Digital marketing; Entrepreneurship; F1 scores; Learning accuracy; Machine learning accuracy; Machine-learning; Primary data; Self help group; Social media; Social media analysis,Conference paper,Final,,Scopus,2-s2.0-86000016650,Unknown
Bahurmuz N.O.; Amoudi G.A.; Baothman F.A.; Jamal A.T.; Alghamdi H.S.; Alhothali A.M.,"Bahurmuz, Naelah O. (57222185019); Amoudi, Ghada A. (6506186790); Baothman, Fatmah A. (56741399000); Jamal, Amani T. (57213504362); Alghamdi, Hanan S. (57211188559); Alhothali, Areej M. (56022381200)",57222185019; 6506186790; 56741399000; 57213504362; 57211188559; 56022381200,Arabic Rumor Detection Using Contextual Deep Bidirectional Language Modeling,2022,IEEE Access,10,,,114907.0,114918.0,24,10.1109/ACCESS.2022.3217522,https://www.scopus.com/pages/publications/85141471628?origin=resultslist,"In today's world, news outlets have changed dramatically; newspapers are obsolete, and radio is no longer in the picture. People look for news online and on social media, such as Twitter and Facebook. Social media contributors share information and trending stories before verifying their truthfulness, thus, spreading rumors. Early identification of rumors from social media has attracted many researchers. However, a relatively smaller number of studies focused on other languages, such as Arabic. In this study, an Arabic rumor detection model is proposed. The model was built using transformer-based deep learning architecture. According to the literature, transformers are neural networks with outstanding performance in natural language processing tasks. Two transformers-based models, AraBERT and MARBERT, were employed, tested, and evaluated using three recently developed Arabic datasets. These models are extensions to the BERT, Bidirectional Encoder Representations from Transformers, a deep learning model that uses transformer architecture to learn the text representations and leverages the attention mechanism. We have also mitigated the challenges introduced by the imbalanced training datasets by employing two sampling techniques. The experimental results of our proposed approaches achieved a maximum accuracy of 0.97. This result demonstrated the effectiveness of the proposed method and outperformed other existing Arabic rumor detection methods.  © 2013 IEEE.",Classification; deep learning; fake news; imbalanced data; machine learning; natural language processing; Twitter,Classification (of information); Deep learning; Fake detection; Modeling languages; Natural language processing systems; Network architecture; Social networking (online); Deep learning; Fake news; Imbalanced data; Language model; Language processing; Machine-learning; Natural language processing; Natural languages; Social media; Twitter; Learning algorithms,Article,Final,All Open Access; Gold Open Access; Green Open Access,Scopus,2-s2.0-85141471628,Unknown
Alzubi S.; Awaysheh F.M.,"Alzubi, Sawsan (58156466600); Awaysheh, Feras M. (57195066863)",58156466600; 57195066863,EdgeFNF: Toward Real-time Fake News Detection on Mobile Edge Computing,2022,"2022 7th International Conference on Fog and Mobile Edge Computing, FMEC 2022",,,,,,10,10.1109/FMEC57183.2022.10062503,https://www.scopus.com/pages/publications/85150791841?origin=resultslist,"Fake news (FN) spreads faster than ever due to social networks' ease of access, increasing reach, and lower cost. Twitter and Facebook are the most used platforms, allowing users to express news in short, simple lines that can be fake using their smartphones. Hence, real-time prediction and fast response time are vital in spotting FN and opposing its negative impact. However, smartphones have limited computational capabilities besides unreliable network connections. Relying on the amalgamation of the edge, fog, and cloud computing can relieve the previous bottleneck where computation offloads from edge devices to higher network layers on demand. In this paper, we proposed EdgeFNF, an edge fake news finder approach toward a fully Edge-to-Cloud mobile architecture. EdgeFNF collects data from social media platforms, e.g., tweets and posts, preprocess them on the mobile edge node, and uploads the metadata into a cloud server where multiple data processing techniques for text, such as Natural Language Processing (NLP), take place. Henceforth, detect fake news using NLTK and BERT algorithms. We provide the methodology, system architecture, and merits for achieving real-time, accurate detection of fake news.  © 2022 IEEE.",Cloud Computing; Edge Computing; Fake News Detection; Natural Language Processing,Computer architecture; Data handling; Fake detection; Mobile edge computing; Natural language processing systems; Network layers; Smartphones; Social networking (online); Cloud-computing; Edge computing; Facebook; Fake news detection; Language processing; Low-costs; Natural language processing; Natural languages; Real- time; Smart phones; Network architecture,Conference paper,Final,,Scopus,2-s2.0-85150791841,Unknown
Huynh A.-T.; Tran P.,"Huynh, Anh-Tuan (57192593635); Tran, Phuoc (60596116600)",57192593635; 60596116600,Utilizing Transformer Models To Detect Vietnamese Fake News on Social Media Platforms,2025,KSII Transactions on Internet and Information Systems,19,2,,472.0,487.0,2,10.3837/tiis.2025.02.006,https://www.scopus.com/pages/publications/85219520533?origin=resultslist,"The spread of fake news on social media has become a serious issue, leading to misinformation and causing harm to society. This research aims to develop a system for analyzing and classifying Vietnamese fake news using transformer models, with a particular focus on PhoBERT - a version of BERT optimized for Vietnamese. To address this issue, we collected a dataset consisting of Vietnamese posts on the Facebook social media platform and several articles from Vietnamese news sources, covering topics such as lifestyle news, current affairs, and politics. Nevertheless, there are still challenges due to data imbalance between the number of true and false news. The posts were labeled as real or fake, then underwent data preprocessing and were trained using transformer models and PhoBERT for Vietnamese. We also incorporated the TF-IDF and Word2Vec word embedding techniques to optimize the model's performance. To evaluate the performance of the models, we used various evaluation metrics such as Accuracy, Precision, Recall, F1 Score, and AUC. Our results indicate that PhoBERT outperforms other transformer models in detecting Vietnamese fake news, achieving high accuracy and reliability. This paper outlines the background, objectives, methodology, and future research directions, providing a comprehensive overview of the research and its contributions to the field of fake news detection. Copyright © 2025 KSII.",Fake News Detection; PhoBERT; Social Media Analysis; Transformer Models; Vietnamese Fake News,Facebook; Fake news detection; News sources; PhoBERT; Social media; Social media analysis; Social media platforms; Transformer modeling; Vietnamese; Vietnamese fake news; Fake detection,Article,Final,All Open Access; Gold Open Access,Scopus,2-s2.0-85219520533,Unknown
Steni Mol T.S.; Sreeja P.S.,"Steni Mol, T.S. (57971790100); Sreeja, P.S. (59537102300)",57971790100; 59537102300,BERT-LSTM for Fake News Detection on Facebook Using SVD,2022,"Proceedings of the 2022 International Conference on Connected Systems and Intelligence, CSI 2022",,,,,,2,10.1109/CSI54720.2022.9923970,https://www.scopus.com/pages/publications/85142271867?origin=resultslist,"Millions of individuals throughout the world consider several social networking. The Network sites/apps, such as WhatsApp, Instagram, Twitter, and Facebook, are essential information sources due to their vast user bases. Social networking platforms provide hands-on connectivity with others and ease of use to the down-market that radio and television broadcasters are unable to provide - multi-way communication. By modifying the original content or a full parody presented as fact, negative influencers can take advantage of the freedom provided by social networks and wilfully spread any misinformation. The spread of false information can happen in the blink of an eye, potentially deceiving the general public and spreading to other communities. Despite this awareness, social media platforms continue to spread dubious material. Even though many of them are still passed off as fact, hoaxes continue to be a major problem. To get around this problem, this study proposed a potent technique called BERT-LSTM to identify false information on Facebook. The accuracy of the suggested BERT-LSTM approach is 0.828.  © 2022 IEEE.",BERT; Deep Learning; Fake News Detection; LSTM; Singular Value Decomposition (SVD),Long short-term memory; Social networking (online); BERT; Deep learning; Ease-of-use; Facebook; Fake news detection; Information sources; LSTM; Radio broadcasters; Singular value decomposition; Social-networking; Singular value decomposition,Conference paper,Final,,Scopus,2-s2.0-85142271867,Unknown
Sharma V.; Kumar S.; Vashishth T.K.; Sharma K.K.; Kumar B.; Meghna,"Sharma, Vikas (58368107300); Kumar, Sunil (57218643954); Vashishth, Tarun Kumar (58559505700); Sharma, Kewal Krishan (58368107400); Kumar, Bhupendra (58542754300); Meghna (59125691900)",58368107300; 57218643954; 58559505700; 58368107400; 58542754300; 59125691900,Unleashing the Power of Big Data: Information Retrieval and Text Mining Strategies,2026,"Natural Language Processing and Artificial Intelligence: A Perspective Towards Current Trends, Challenges, and Applications",,,,173.0,213.0,0,10.1201/9781998511273-8,https://www.scopus.com/pages/publications/105036788737?origin=resultslist,"The majority of tasks in today’s world are performed online. Newspapers, which were once read in the form of hard copies, are gradually being shifted to online news sites. In addition, there is a growing trend of social media platforms such as Facebook and Twitter being used for the consumption of news. Although many machine learning (ML) algorithms have been used for the identification of fake and genuine news, the discrimination of false news from genuine news is becoming more cumbersome due to the dynamic and variable nature of features present in fake news on social media networks. In this paper, we have used different ML and deep learning (DL) classifiers for fake news detection. To our knowledge, this is the most comprehensive comparison involving seven ML and 174six DL classifiers. From the comparative study, it has been found that BERT provides the most accuracy, precision, and recall. After that, the passive-aggressive classifier provides an accuracy of around 94%. Other DL models such as CNN, LSTM, and GRU also provide accuracy around 90%. The proposed work can be extended in various directions. The paper has not tested pretrained word embeddings such as Word2Vec or GloVe embedding. In addition, the BERT model can be tested after making a few modifications. Innovations such as residual connections and batch layer normalizations can also be tried for gaining further improvements. Finally, the proposed models should be tested on other datasets. © 2026 by Apple Academic Press, Inc.",big data analytics; deep learning; fake news detection; information retrieval; machine learning,Big data; Classification (of information); Data mining; Embeddings; Social networking (online); Big data analytic; Data analytics; Data informations; Deep learning; Embeddings; Fake news detection; Learning classifiers; Machine-learning; Power; Text-mining; Deep learning; Information retrieval,Book chapter,Final,,Scopus,2-s2.0-105036788737,Unknown
Kumari K.; Jha S.S.; Dayanand Z.K.; Sharma P.,"Kumari, Kirti (57211181369); Jha, Shirish Shekhar (58881838300); Dayanand, Zarikunte Kunal (58882129200); Sharma, Praneesh (58273712900)",57211181369; 58881838300; 58882129200; 58273712900,ML&AI_IIIT Ranchi@DravidianLangTech: Leveraging Transfer Learning for the Discernment of Fake News within the Linguistic Domain of Dravidian Language,2023,"DravidianLangTech 2023 - 3rd Workshop on Speech and Language Technologies for Dravidian Languages, associated with 14th International Conference on Recent Advances in Natural Language Processing, RANLP 2023 - Proceedings",,,,198.0,206.0,2,10.26615/978-954-452-085-4_028,https://www.scopus.com/pages/publications/85184797538?origin=resultslist,"The primary focus of this research endeavor lies in detecting and mitigating misinformation within the intricate framework of the Dravidian language. A notable feat was achieved by employing fine-tuning methodologies on the highly acclaimed Indic-BERT model, securing a commendable 4th rank in a prestigious competition organized by DravidianLangTech 2023 while attaining a noteworthy macro F1-Score of 0.78. To facilitate this undertaking, a diverse and comprehensive dataset was meticulously gathered from prominent social media platforms, including but not limited to Facebook and Twitter. The overarching objective of this collaborative initiative was to proficiently discern and categorize news articles into either the realm of veracity or deceit through the astute application of advanced machine learning techniques, coupled with the astute exploitation of the distinctive linguistic idiosyncrasies inherent to the Dravidian language. © DravidianLangTech 2023 - 3rd Workshop on Speech and Language Technologies for Dravidian Languages, associated with 14th International Conference on Recent Advances in Natural Language Processing, RANLP 2023 - Proceedings.",,Fake detection; Learning algorithms; Learning systems; Natural language processing systems; Social networking (online); F1 scores; Facebook; Fine tuning; Machine learning techniques; News articles; Social media platforms; Transfer learning; Linguistics,Conference paper,Final,,Scopus,2-s2.0-85184797538,Unknown
Hoy N.; Koulouri T.,"Hoy, Nathaniel (57221477521); Koulouri, Theodora (55053390100)",57221477521; 55053390100,An exploration of features to improve the generalisability of fake news detection models,2025,Expert Systems with Applications,275,,126949,,,5,10.1016/j.eswa.2025.126949,https://www.scopus.com/pages/publications/85219143513?origin=resultslist,"Fake news poses significant global risks by influencing elections and spreading misinformation, making its detection a critical area of research. Existing approaches, primarily using Natural Language Processing (NLP) and supervised Machine Learning, achieve strong results under cross-validation and hold-out testing but struggle to generalise to other datasets, even those within the same domain. This limitation stems from reliance on coarsely labelled training datasets, where articles are often labelled based on their publisher, introducing biases that token-based representations such as TF–IDF and BERT are sensitive to. While Large Language Models (LLMs) represent a promising development in NLP, their application to fake news detection remains limited. This study demonstrates that meaningful features can still be extracted from coarsely labelled datasets to improve model robustness for real-world scenarios. Stylistic features, including lexical, syntactic, and semantic attributes, are explored as an alternative due to their reduced sensitivity to dataset biases. In addition, novel ‘social-monetisation’ features are introduced, capturing economic incentives behind fake news, such as the presence of advertisements, external links, and social media sharing elements. The study employs the coarsely labelled NELA 2020–21 dataset for training and the manually labelled Facebook URLs dataset for external validation, representing a gold standard for evaluating model generalisability. The results highlight the limitations of token-based models, when trained on coarsely labelled data. Additionally, this study contributes to the limited evidence on the performance of LLMs such as LLaMa in this domain. The findings indicate that stylistic features, complemented by social-monetisation attributes, provide more generalisable predictions for real-world scenarios in comparison to token-based methods and LLMs. Statistical and permutation feature importance analyses further reveal the potential of these features to enhance performance and address dataset biases, offering a path forward for improving fake news detection models. © 2025 The Authors",Fake news; Feature engineering; Generalisability; Machine learning; Misinformation; Natural Language Processing,Contrastive Learning; Detection models; Fake news; Feature engineerings; Generalisability; Language model; Language processing; Machine-learning; Misinformation; Natural language processing; Natural languages; Adversarial machine learning,Article,Final,All Open Access; Green Open Access,Scopus,2-s2.0-85219143513,Unknown
Aziz R.S.; Sadiq A.T.; Kherallah M.; Douik A.,"Aziz, Raad Sadi (57204453865); Sadiq, Ahmed T. (55647541900); Kherallah, Monji (6602672496); Douik, Ali (57194648246)",57204453865; 55647541900; 6602672496; 57194648246,Arabic fake news detection for Covid-19 using deep learning and machine learning,2023,Periodicals of Engineering and Natural Sciences,11,6,,56.0,72.0,2,10.21533/pen.v11i6.3906.g1347,https://www.scopus.com/pages/publications/85186239236?origin=resultslist,"When newspapers were the dominant form of conventional media, fake news was widespread. Due to the vast influence of such false news and the growing user reach of technical media sources (TV, Internet, social media, blogs). Humans have become more dependent on the news as they make daily decisions for ensuring the safety of their loved ones and themselves in the wake of COVID-19 becoming a pandemic which has impacted humans all over the world. Fake news, on the other hand, is on the verge of becoming a ""second pandemic"" or ""infodemic, "" endangering the health of individuals all over the world. Previous research hasn't used fake news detection to coronavirus in Arabic due to the fact that fake news connected to coronavirus is such a recent occurrence. A total of 4 versions of the datasets used in this study have been produced (D0, D1, D2, and D3). To understand the effects of deep learning (DL) and machine learning (ML) techniques on any dataset, a total of 4 datasets were created. Also, the research analyzes them with regard to ML and DL to determine the efficacy of preprocessing (D1), raw dataset (D0), light stemming (D3), and root stemming (D2). Dataset version zero (D0) is finished when creating an excel file. From the first version (D0), three more versions (D2, D1, and D3) were created. This study examines the detection of fake news articles concerning COVID-19 on Facebook with the use of DL approaches, like the Bidirectional Long Short-Term Memory Networks (Bi-LSTM), Bidirectional Encoder Representations from Transformers (BERT) and AraBert of Arabic text and ML techniques Linear Support Vector Machines (SVM) and Random Forest (RF). On testing data-set (D0), BERT yields the greatest accuracy of 97.32% © The Author 2023. This work is licensed under a Creative Commons Attribution License (https://creativecommons.org/licenses/by/4.0/) that allows others to share and adapt the material for any purpose (even commercially), in any medium with an acknowledgement of the work's authorship and initial publication in this journal.",Arabic fake news; Covid-19; deep learning; machine learning,,Article,Final,,Scopus,2-s2.0-85186239236,Unknown
Bhatt S.; Goenka N.; Kalra S.; Sharma Y.,"Bhatt, Shaily (57274293700); Goenka, Naman (57271225200); Kalra, Sakshi (57223096413); Sharma, Yashvardhan (22981757500)",57274293700; 57271225200; 57223096413; 22981757500,Fake News Detection: Experiments and Approaches Beyond Linguistic Features,2022,Lecture Notes on Data Engineering and Communications Technologies,71,,,113.0,128.0,21,10.1007/978-981-16-2937-2_9,https://www.scopus.com/pages/publications/85115675065?origin=resultslist,"Easier access to the Internet and social media has made disseminating information through online sources very easy. Sources like Facebook, Twitter, online news sites and blogs of self-proclaimed journalists have become significant players in providing news content. The sheer amount of information and the speed at which it is generated online makes it beyond the scope of human verification. There is, hence, a pressing need to develop technologies that can assist humans with automatic fact-checking and reliable identification of fake news. This paper summarises the multiple approaches that were undertaken and the experiments that were carried out for the task. Credibility information and metadata associated with the news article have been used for improved results. The experiments also show how modelling justification or evidence can lead to improved results. Additionally, the use of visual features in addition to linguistic features is demonstrated. A detailed comparison of the results showing that our models perform significantly well when compared to robust baselines, and state-of-the-art models are presented. © 2022, The Author(s), under exclusive license to Springer Nature Singapore Pte Ltd.",BERT; CNN; Credibility index; Fake news detection; Fake news net; Justification modelling; LIAR; LSTM; Metadata; Multimodal fake news detection; RNN; Siamese networks,Information dissemination; Linguistics; Long short-term memory; Metadata; BERT; CNN; Credibility indices; Fake news detection; Fake news net; Justification modeling; LIAR; LSTM; Multi-modal; Multimodal fake news detection; RNN; Siamese network; Social networking (online),Book chapter,Final,All Open Access; Green Open Access,Scopus,2-s2.0-85115675065,Unknown
Folino F.; Folino G.; Guarascio M.; Pontieri L.; Zicari P.,"Folino, Francesco (23666966800); Folino, Gianluigi (6601965569); Guarascio, Massimo (55900121400); Pontieri, Luigi (6602455538); Zicari, Paolo (8409523900)",23666966800; 6601965569; 55900121400; 6602455538; 8409523900,Towards Data- and Compute-Efficient Fake-News Detection: An Approach Combining Active Learning and Pre-Trained Language Models,2024,SN Computer Science,5,5,470,,,13,10.1007/s42979-024-02809-1,https://www.scopus.com/pages/publications/85191094955?origin=resultslist,"In today’s digital era, dominated by social media platforms such as Twitter, Facebook, and Instagram, the swift dissemination of misinformation represents a significant concern, impacting public sentiment and influencing pivotal global events. Promptly detecting such deceptive content with the help of Machine Learning models is crucial, yet it comes with the challenge of dealing with labelled examples for training these models. Impressive performance results were recently achieved by high-capacity pre-trained transformer-based models (e.g., BERT). Still, such models are too data- and compute-demanding for many critical application contexts where memory, time, and energy consumption must be limited. Here, we propose an innovative semi-supervised method for efficient and effective fake news detection using a content-oriented classifier based on a small-sized BERT embedder. After fine-tuning this model on the sole few labelled data available, an iterative Active Learning (AL) process is carried out, which benefits from limited experts’ feedback to acquire more labelled data for improving the model. The proposed method ensures good detection performances using a few training samples, reasonably small human intervention, and compute/memory costs. © The Author(s) 2024.",Active learning; Deep learning; Fake news detection; Green AI,,Article,Final,All Open Access; Hybrid Gold Open Access,Scopus,2-s2.0-85191094955,Unknown
Deng Y.; Wang S.-W.,"Deng, Yawen (57931388100); Wang, Sheng-Wen (57930950200)",57931388100; 57930950200,Detecting Fake News on Social Media by CSIBERT,2022,ACM International Conference Proceeding Series,,,,142.0,148.0,3,10.1145/3556677.3556698,https://www.scopus.com/pages/publications/85139993618?origin=resultslist,"Social media has become a significant news source as the modern world develops. Compared with traditional news media such as newspapers and television, people can consume and share news much faster on social media platforms such as Twitter, Facebook, and Weibo. These platforms are not regulated, which leads to massive amounts of fake news produced online and causes severe negative impacts on politics, economics, and social well-being. Thus, detecting fake news on social media is extremely important but technically challenging. This paper proposes a hybrid fake news detection model called CSIBERT, extracting text features of news events utilizing a Bidirectional Encoder Representations from Transformers (BERT) pre-trained model and introducing other social context features via the Capture, Score, and Integrate (CSI) framework. Our proposed model outperforms existing models with an accuracy of 97.1%. In addition, the CSIBERT model receives decent performance even with a small number of labeled samples on the Weibo fake news detection tasks, demonstrating its ability to solve the label shortage problem in fake news detection challenges.  © 2022 ACM.",BERT; CSI; Deep learning; Fake news; Natural Language Processing; Social media,"Fake detection; Natural language processing systems; Social networking (online); Bidirectional encoder representation from transformer; Capture, score, and integrate; Deep learning; Fake news; Language processing; Natural language processing; Natural languages; News media; News sources; Social media; Deep learning",Conference paper,Final,,Scopus,2-s2.0-85139993618,Unknown
Palani B.; Elango S.; Vignesh Viswanathan K.,"Palani, Balasubramanian (57387945500); Elango, Sivasankar (36164914500); Vignesh Viswanathan, K. (57460522200)",57387945500; 36164914500; 57460522200,CB-Fake: A multimodal deep learning framework for automatic fake news detection using capsule neural network and BERT,2022,Multimedia Tools and Applications,81,4,,5587.0,5620.0,143,10.1007/s11042-021-11782-3,https://www.scopus.com/pages/publications/85121859108?origin=resultslist,"The progressive growth of today’s digital world has made news spread exponentially faster on social media platforms like Twitter, Facebook, and Weibo. Unverified news is often disseminated in the form of multimedia content like text, picture, audio, or video. The dissemination of such false news deceives the public and leads to protests and creates troubles for the public and the government. Hence, it is essential to verify the authenticity of the news at an early stage before sharing it with the public. Earlier fake news detection (FND) approaches combined textual and visual features, but the semantic correlations between words were not addressed and many informative visual features were lost. To address this issue, an automated fake news detection system is proposed, which fuses textual and visual features to create a multimodal feature vector with high information content. The proposed work incorporates the bidirectional encoder representations from transformers (BERT) model to extract the textual features, which preserves the semantic relationships between words. Unlike the convolutional neural network (CNN), the proposed capsule neural network (CapsNet) model captures the most informative visual features from an image. These features are combined to obtain a richer data representation that helps to determine whether the news is fake or real. We investigated the performance of our model against different baselines using two publicly accessible datasets, Politifact and Gossipcop. Our proposed model achieves significantly better classification accuracy of 93% and 92% for the Politifact and Gossipcop datasets, respectively, compared to 84.6% and 85.6% for the SpotFake+ model. © 2021, The Author(s), under exclusive licence to Springer Science+Business Media, LLC, part of Springer Nature.",BERT; Capsule neural network; Deep learning; Fake news detection; Routing-by-agreement,Classification (of information); Convolutional neural networks; Deep learning; Fake detection; Feature extraction; Semantics; Bidirectional encoder representation from transformer; Capsule neural network; Deep learning; Fake news detection; Multi-modal; Neural-networks; Routing-by-agreement; Routings; Textual features; Visual feature; Social networking (online),Article,Final,All Open Access; Bronze Open Access; Green Open Access,Scopus,2-s2.0-85121859108,Unknown
Rane R.; Subhashini R.,"Rane, Rashmi (57191090200); Subhashini, R. (36601503200)",57191090200; 36601503200,Multi-feature classification for fake news detection using multiscale and atrous convolution-based adaptive temporal convolution network,2025,Data and Knowledge Engineering,160,,102469,,,2,10.1016/j.datak.2025.102469,https://www.scopus.com/pages/publications/105007736730?origin=resultslist,"In the exponential growth of social media platforms, Facebook, Twitter, YouTube and Instagram are the main sources for providing news and information about anything at anywhere. Sometimes, fake information is quickly spread by uploading from particular people affecting the media usage of people. In this research work, a novel deep learning-based framework is proposed to effectively detect fake news for enhancing the trust of social media users. At first, the required text data is gathered from the benchmark resources and given to the preprocessing stage. Then, the preprocessed data is fed into the feature extraction phase here, the Bidirectional Encoder Representations from Transformers (BERT), Recurrent Neural Networks (RNN), and Convolutional Neural Networks (CNN) mechanisms are utilized to effectively extract the meaningful information from the data and improve the accuracy. Also, it can generate three sets of BERT, temporal, and spatial features in the extraction phase and then given to the detection phase. Here, the Multiscale and Atrous Convolution-based Adaptive Temporal Convolution Network (MAC-ATCN) is used for ultimately identifying and categorizing the false information to ensure more reliable outcomes and decision-making processes. Additionally, the Modified Osprey Optimization Algorithm (MOOA) algorithm is employed to fine-tune the parameters to prevent overfitting issues when dealing with larger data. It helps to easily address the imbalanced dataset issues by varying the hyperparameters in the training process. Finally, the overall detection performance is validated with various performance measures and compared with existing works. Also, the developed method achieved better accuracy value for dataset 1 is 93.74 % and dataset 2 is 92.82%. By effectively identifying the fake news in social media can help users to make timely informed decisions. This helps to prevent the spread of misinformation and protects individuals from harmful consequences. © 2025 Elsevier B.V.",Bidirectional encoder representations from transformers; Convolution neural network; Fake news detection; Modified osprey optimization algorithm; Multiscale and atrous convolution-based adaptive temporal convolution network; Recurrent neural network,Convolutional neural networks; Tweets; Bidirectional encoder representation from transformer; Convolution neural network; Extraction phase; Fake news detection; Modified osprey optimization algorithm; Multifeatures; Multiscale and atrous convolution-based adaptive temporal convolution network; Neural-networks; Optimization algorithms; Social media; Recurrent neural networks,Article,Final,,Scopus,2-s2.0-105007736730,Unknown
Shah M.N.; Ganatra A.,"Shah, Minal Nirav (57966254500); Ganatra, Amit (35100186600)",57966254500; 35100186600,Feature Integration-based Residual Deep Learning Model for Fake News Detection using Multimodal Data Sources,2024,"2nd International Conference on Self Sustainable Artificial Intelligence Systems, ICSSAS 2024 - Proceedings",,,,345.0,353.0,1,10.1109/ICSSAS64001.2024.10760251,https://www.scopus.com/pages/publications/85213404867?origin=resultslist,"The rapid growth of the modern digital world has supported to spread the news rapidly on the social media sectors including Weibo, Facebook, and Twitter. Unconfirmed news is frequently spread in multimedia content form such as video, audio, picture, or text. The propagation of certain false news cheats the public results in protests and generates issues. Fake news propagation has become a significant issue in modern data because of the huge utilization of social media entities. One of the important operations is false news identification, yet the difficulty of some languages makes the identification of fake news complex. The conventional approaches cannot gather many contextual and semantic features from the documents in a specific multilingual text corpus. To overcome such issues, a residual-based deep learning model is introduced for fake news detection using multimodal information. Firstly, multimodal information like text and images are gathered from publicly available data sources. Further, the input text is undergone for pre-processing and it is used for extracting the features. Here, the Bidirectional Encoder Representations from Transformers (BERT) is employed as feature extraction as F1. Similarly, the features from the raw image are achieved by applying the Visual Geometry Group (VGG16), designated as F2. Finally, these two resultant features are concatenated together and subjected to the Residual Recurrent Neural Network (Res-RNN) for detecting fake news. Hence, the proposed system is examined with different metrics and compared with various approaches. Thus, the results declare that the suggested system achieves higher accuracy in avoiding the spreading of fake news over the media. © 2024 IEEE.",Bidirectional Encoder Representations from Transformer; Feature Integration; Multimodal Fake News Detection; Residual Recurrent Neural Network; Visual Geometry Group16,Tweets; Bidirectional encoder representation from transformer; Data-source; Feature integration; Learning models; Multi-modal; Multi-modal information; Multimodal fake news detection; Neural-networks; Social media; Visual geometry group16; Recurrent neural networks,Conference paper,Final,,Scopus,2-s2.0-85213404867,Unknown
Osama Md.; Ahmed K.; Taher H.M.A.; Hossain J.; Ahsan S.; Hoque M.M.,"Osama, Md. (58886980000); Ahmed, Kawsar (58886851700); Taher, Hasan Mesbaul Ali (58886889100); Hossain, Jawad (58886821900); Ahsan, Shawly (58930269300); Hoque, Mohammed Moshiul (55436576000)",58886980000; 58886851700; 58886889100; 58886821900; 58930269300; 55436576000,CUET_NLP_GoodFellows@DravidianLangTech EACL2024: A Transformer-Based Approach for Detecting Fake News in Dravidian Languages,2024,"DravidianLangTech 2024 - 4th Workshop on Speech, Vision, and Language Technologies for Dravidian Languages, Proceedings of the Workshop",,,,187.0,192.0,5,,https://www.scopus.com/pages/publications/85189858974?origin=resultslist,"In this modern era, many people have been using Facebook and Twitter, leading to increased information sharing and communication. However, a considerable amount of information on these platforms is misleading or intentionally crafted to deceive users, which is often termed as fake news. A shared task on fake news detection in Malayalam organized by DravidianLangTech@EACL 2024 allowed us for addressing the challenge of distinguishing between original and fake news content in the Malayalam language. Our approach involves creating an intelligent framework to categorize text as either fake or original. We experimented with various machine learning models, including Logistic Regression, Decision Tree, Random Forest, Multinomial Naive Bayes, SVM, and SGD, and various deep learning models, including CNN, BiLSTM, and BiLSTM + Attention. We also explored Indic-BERT, MuRIL, XLM-R, and m-BERT for transformer-based approaches. Notably, our most successful model, m-BERT, achieved a macro F1 score of 0.85 and ranked 4th in the shared task. This research contributes to combating misinformation on social media news, offering an effective solution to classify content accurately. © 2024 Association for Computational Linguistics.",,Computational linguistics; Deep learning; Fake detection; Learning systems; Logistic regression; Random forests; Social networking (online); Support vector regression; Amount of information; Facebook; Information communication; Information sharing; Logistics regressions; Machine learning models; Malayalams; Multinomial naive bayes; News content; Random forests; Decision trees,Conference paper,Final,,Scopus,2-s2.0-85189858974,Unknown
Malla S.J.; Alphonse P.J.A.,"Malla, SreeJagadeesh (57220890140); Alphonse, P.J.A. (57200760920)",57220890140; 57200760920,Fake or real news about COVID-19? Pretrained transformer model to detect potential misleading news,2022,European Physical Journal: Special Topics,231,18-20,,3347.0,3356.0,36,10.1140/epjs/s11734-022-00436-6,https://www.scopus.com/pages/publications/85123059903?origin=resultslist,"The World Health Organization declared the novel coronavirus disease 2019 a pandemic on March 11, 2020. Along with the coronavirus pandemic, a new crisis has emerged, characterized by widespread fear and panic caused by a lack of information or, in some cases, outright fake messages. In these circumstances, Twitter is one of the most eminent and trusted social media platforms. Fake tweets, on the other hand, are challenging to detect and differentiate. The primary goal of this paper is to educate society about the importance of accurate information and prevent the spread of fake information. This paper has investigated COVID-19 fake data from various social media platforms such as Twitter, Facebook, and Instagram. The objective of this paper is to categorize given tweets as either fake or real news. The authors have tested various deep learning models on the COVID-19 fake dataset. Finally, the CT-BERT and RoBERTa deep learning models outperformed other deep learning models like BERT, BERTweet, AlBERT, and DistlBERT. The proposed ensemble deep learning architecture outperformed CT-BERT and RoBERTa on the COVID-19 fake news dataset using the multiplicative fusion technique. The proposed model’s performance in this technique was determined by the multiplicative product of the final predictive values of CT-BERT and RoBERTa. This technique overcomes the disadvantage of these CT-BERT and RoBERTa models’ incorrect predictive nature. The proposed architecture outperforms both well-known ML and DL models, with 98.88% accuracy and a 98.93% F1-score. © 2022, The Author(s), under exclusive licence to EDP Sciences, Springer-Verlag GmbH Germany, part of Springer Nature.",,,Article,Final,All Open Access; Bronze Open Access; Green Open Access,Scopus,2-s2.0-85123059903,Unknown
Yang H.; Zhao X.; Sun D.; Wang Y.; Zhu H.; Ma C.; Huang W.,"Yang, Haitian (57222572285); Zhao, Xuan (57222575825); Sun, Degang (56419137200); Wang, Yan (56368700100); Zhu, He (57223750361); Ma, Chao (57222580681); Huang, Weiqing (56419055500)",57222572285; 57222575825; 56419137200; 56368700100; 57223750361; 57222580681; 56419055500,Multi-Modal fake news Detection on Social Media with Dual Attention Fusion Networks,2021,Proceedings - IEEE Symposium on Computers and Communications,2021-September,,,,,6,10.1109/ISCC53001.2021.9631256,https://www.scopus.com/pages/publications/85123217353?origin=resultslist,"Most of the existed fake news detection works on social media driven-fake news mainly focused on text. However, more and more social media platforms like Twitter, facebook, etc, allow users to create multi-modal contents, including text, image and video. Hence, it is obvious that only investigating text contents is insufficient to achieve solid detection. In this paper, we study the fake news on social media platforms composed of multimodal contents (text and images), and propose Dual Attention Fusion Networks for fake news detection on social media. We explore three modalities, (text modality, image modality and image attributes modality), and further propose a Dual Attention Fusion Networks (DAFN) model for this task. First, our proposed model extracts text modality and image modality, respectively. We then pass combinations of image attributes modality and text modality through BERT to extract text features. Finally, we reconstruct features of three modalities and fuse them into a feature vector for prediction. Our method is verified on realworld datasets consisting of collected social media platforms. Experiments show that the our method achieves promising results on real world datasets. outperforming all baseline models.  © 2021 IEEE.",attention fusion; fake news detection; multi-modal; sentiment analysis,Fake detection; Image fusion; Sentiment analysis; Attention fusion; Facebook; Fake news detection; Image attributes; Image modality; Multi-modal; Real-world datasets; Sentiment analysis; Social media; Social media platforms; Social networking (online),Conference paper,Final,,Scopus,2-s2.0-85123217353,Unknown
Qasem A.E.; Sajid M.,"Qasem, Amal Esmail (58126219200); Sajid, Mohammad (55608655900)",58126219200; 55608655900,Exploring the Effect of N-grams with BOW and TF-IDF Representations on Detecting Fake News,2022,"2022 International Conference on Data Analytics for Business and Industry, ICDABI 2022",,,,741.0,746.0,5,10.1109/ICDABI56818.2022.10041537,https://www.scopus.com/pages/publications/85149268786?origin=resultslist,"The Internet is used by millions of users daily, who publish news content on social media like (Twitter, Facebook, etc.). These platforms are becoming the most significant source of spreading fake news, which plays a significant issue for the individual and society. Fake news is incorrect information written to mislead readers. Fake news' text available on these platforms is unstructured and needs to be preprocessed and converted to a numerical format to be used later. Some fake news has seemed natural, making it challenging even for humans to identify them. Therefore, automated fake news detection tools leveraging machine learning methods have become an essential requirement. This paper investigates and compares two feature extraction approaches, Bag of Words (BoW) and Term Frequency-Inverse Document Frequency (TF-IDF), with N-grams, and three conventional machine classifiers, Support Vector Machine (SVM), Naive Bayes (NB), and Decision Tree (DT). In addition, the performance of these models is compared with the fine-tuned BERT transformer model with its feature representation. The experiment was conducted on fake and real news dataset. It is demonstrated that the traditional models are still good candidates and that the use of bigram combined with BOW and DT classifier performs the best among others, with an accuracy of 99.74% compared to existing results and reaching BERT f1-accuracy on this dataset. © 2022 IEEE.",BERT; Fake classification; Fake Detection; Fake News; Machine learning; N-grams,Decision trees; Fake detection; Feature extraction; Learning systems; Social networking (online); Support vector machines; Text processing; BERT; Facebook; Fake classification; Fake detection; Fake news; Machine-learning; N-grams; News content; Social media; Term frequencyinverse document frequency (TF-IDF); Classification (of information),Conference paper,Final,,Scopus,2-s2.0-85149268786,Unknown
Rana T.; Saraswat D.; Gaind A.; Singla R.; Chhabra A.,"Rana, Tushar (57215122136); Saraswat, Darshan (58781220500); Gaind, Akul (58781385800); Singla, Rhythem (58781318400); Chhabra, Amit (57539985500)",57215122136; 58781220500; 58781385800; 58781318400; 57539985500,A BERT Classifier Approach for Evaluation of Fake News Dissemination,2024,Communications in Computer and Information Science,1930,,,171.0,184.0,0,10.1007/978-3-031-48781-1_14,https://www.scopus.com/pages/publications/85180632761?origin=resultslist,"The intake of information via media has changed from newspapers to social networking sites as technology has evolved. Accessibility and availability are two important aspects that have led to this trend in media usage. Users share thousands of posts, articles, and videos as the internet penetration grows. These postings are done on a variety of social networking sites such as Facebook, Instagram, YouTube, Twitter, and others. It is now widely acknowledged that disinformation may often create tensions and has a substantial impact in the country. Stemming the tide of false news articles via social networking sites and the Internet is critical. This problem has indeed been handled in this study using various algorithmic approaches that could help us to control this type of hazardous thing. Including the findings, a contrast of how various classification functions are offered. This article gives a thorough assessment of numerous fake news detection strategies employed by various other authors, databases they had engaged with, and the multiple analytical people were using to evaluate the effectiveness of their respective algorithms. This research analyses the troubles and challenges of detecting this type of news. This article examines documents from 2017 through 2022, as well as various fake news detecting tools. This study provides a complete evaluation of present and past studies on false news recognition leveraging various ML and DL models. In this research work, BERT Classifier has been used which uses a deep learning technique and has the highest accuracy of all the methods described. © The Author(s), under exclusive license to Springer Nature Switzerland AG 2024.",and classification models; Artificial Intelligence; BERT; Deep learning; Fake news; Machine learning; Regression,Deep learning; Fake detection; Learning systems; Social sciences computing; And classification model; BERT; Classification models; Deep learning; Facebook; Fake news; Machine-learning; Media usage; Regression; Social-networking; Social networking (online),Conference paper,Final,,Scopus,2-s2.0-85180632761,Unknown
Dutta R.; Majumder M.,"Dutta, Rakesh (57196257732); Majumder, Mukta (54788156300)",57196257732; 54788156300,ABiLSTM with BERT Embedding for Classification of Imbalanced COVID-19 Rumors,2025,Current Applied Science and Technology,25,1,e0259284,,,1,10.55003/cast.2024.259284,https://www.scopus.com/pages/publications/85210241190?origin=resultslist,"The coronavirus emerged at the end of 2019 and has caused thousands of casualties all over the world. The pandemic has also been accompanied by loss of employment and economic down fall. Naturally, the pandemic and lack of knowledge of coronavirus has created public anxiety and panic. Nowadays, social medias like Twitter and Facebook and online news forum reach most people and have become popular channels of communication and information sharing. Unfortunately, these have become easy targets for rumors and fake news. The rapid flow of rumors and misleading information on the coronavirus over these online platforms has promoted public anxiety and fear. Consequently, the detection of rumors has become obligatory for economy and public safety. In this context, the present research focused on detecting and classifying rumors so that precautionary measures can be incorporated. Attention-based BiLSTM with BERT for rumor classification on the COVID-19 rumor dataset was proposed. The suggested classification model achieved an accuracy of 80.71% and a micro-F1 score of 90.85. Furthermore, the experimental outcomes affirm the superior efficacy of our proposed technique over existing methods. © 2025, King Mongkut's Institute of Technology Ladkrabang. All rights reserved.",attention mechanism; BERT; BiLSTM; COVID-19; rumor classification; word embedding,,Article,Final,All Open Access; Gold Open Access,Scopus,2-s2.0-85210241190,Unknown
Albahli S.; Nazir T.,"Albahli, Saleh (56548902300); Nazir, Tahira (57210413625)",56548902300; 57210413625,Opinion mining for stock trend prediction using deep learning,2025,Multimedia Tools and Applications,84,19,,21249.0,21272.0,3,10.1007/s11042-024-19793-6,https://www.scopus.com/pages/publications/85200024443?origin=resultslist,"Stock market prediction by using Machine Learning (ML) models has been a hot topic of research for more than a decade. Combined with the power of sentiment analysis and ML, social media posts like tweets and financial news can have a big impact on how accurately stock market price predictions are made. Our proposed work makes use of social media posts from Twitter and Google Finance data to predict the price of the stock market using DL techniques. To perform this job, we propose a method that first introduces a concept of fake tweets detection and removal using BERT and then we prepare our dataset using preprocessing techniques. The feature extraction is performed using FastText and VADER, after that the prediction is made through the Deep Belief Network. Two datasets (i.e., Sentiment140 and Twitter real-time data) were used in the experiments and attained 89.12% accuracy along with precision, recall, and F1-Score of 90.15%, 89.12%, and 89.67%. This research not only refines stock market prediction accuracy through a sophisticated blend of sentiment analysis and ML but also introduces novel methodologies in fake tweet detection, feature extraction, and prediction models, charting new territories in the pursuit of precision and reliability. Results reveal that the proposed method performs better in terms of overall accuracy than the most recent methods. We intend to expand the functionality of our approach in the future by including additional well-known social media, such as Facebook and Google News, etc. © The Author(s), under exclusive licence to Springer Science+Business Media, LLC, part of Springer Nature 2024.",Machine learning; Opinion mining; Sentiment analysis; Stock market; Twitter data,Commerce; Data mining; Deep learning; Extraction; Fake detection; Feature extraction; Financial markets; Forecasting; Learning systems; Reliability analysis; Social networking (online); Features extraction; Google+; Machine learning models; Machine-learning; Opinion mining; Sentiment analysis; Social media; Stock market prediction; Stock trend prediction; Twitter data; Sentiment analysis,Article,Final,,Scopus,2-s2.0-85200024443,Unknown
Isa S.M.; Nico G.; Permana M.,"Isa, Sani Muhamad (57216658927); Nico, Gary (57314518200); Permana, Mikhael (57469953400)",57216658927; 57314518200; 57469953400,INDOBERT FOR INDONESIAN FAKE NEWS DETECTION,2022,ICIC Express Letters,16,3,,289.0,297.0,34,10.24507/icicel.16.03.289,https://www.scopus.com/pages/publications/85125402921?origin=resultslist,"Fake news has been known as a deceptive information. In the digital era, especially in COVID-19 pandemic outbreak, fake news is used to mislead society for certain purposes. Social media such as Facebook, Twitter and WhatsApp are used as a platform to spread false news. To identify fake news, we have to manually verify the news with legitimate sources. However, this takes some effort and time rather than using fake news detection systems. A good fake news detection system is needed to reduce the spread of misleading information and those side effects of it. Most of the recent research in English fake news detection systems has already used deep learning models especially transformer models. However, research in Indonesian fake news detection systems is still using old machine learning approaches. In this study, we proposed IndoBERT, an Indonesian Bidirectional Encoder Representations from Transformers (BERT) based transformer model that focuses on the context and attention of the input sentences. For the experiment, we fine-tuned the proposed model with the dataset that was collected from turnbackhoax.id and adjusted hyperparameter to get the best result. Afterwards, we evaluated our model and achieved 94.66% score on precision, recall, and F1-score. © 2022 ICIC International. All rights reserved.",BERT; Classification; Fake news detection; IndoBERT,,Article,Final,,Scopus,2-s2.0-85125402921,Unknown
Ben Ali S.; Kechaou Z.; Wali A.,"Ben Ali, Sghaira (58242049600); Kechaou, Zied (36662441900); Wali, Ali (35281296800)",58242049600; 36662441900; 35281296800,Arabic fake news detection in social media Based on AraBERT,2022,"Proceedings of 2022 IEEE 21st International Conference on Cognitive Informatics and Cognitive Computing, ICCI*CC 2022",,,,214.0,220.0,6,10.1109/ICCICC57084.2022.10101635,https://www.scopus.com/pages/publications/85158897495?origin=resultslist,"Social media has become a source of information for many people because of its freedom of use. As a result, fake news spread quickly and easily, regardless of its credibility, especially over the past decade. The vast amount of information being shared has fraudulent practices that negatively affect readers' cognitive abilities and mental health. In this study, we aim to introduce a new Arabic COVID-19 dataset for fake news related to COVID-19 from Twitter and Facebook. Afterward, we applied two pre-Trained models of classification AraBERT and BERT base Arabic. As a result, AraBERT models obtained better accuracy than BERT base Arabic in two datasets.  © 2022 IEEE.",AraBERT; BERT base Arabic; COVID-19; fake news; social media,Fake detection; Social networking (online); Amount of information; AraBERT; BERT base arabic; Cognitive ability; Facebook; Fake news; Mental health; Social media; Sources of informations; COVID-19,Conference paper,Final,,Scopus,2-s2.0-85158897495,Unknown
Mallik A.; Kumar S.,"Mallik, Abhishek (57262191100); Kumar, Sanjay (58732819200)",57262191100; 58732819200,Word2Vec and LSTM based deep learning technique for context-free fake news detection,2024,Multimedia Tools and Applications,83,1,,919.0,940.0,62,10.1007/s11042-023-15364-3,https://www.scopus.com/pages/publications/85160413276?origin=resultslist,"Nowadays, social media and virtual networking hubs like Twitter, Facebook have become an integral part of our daily lives. The recent boom in multimedia technology and increased internet access has led us into a hyper-connected global world. But these networks are often observed as the conduit for propagating fake news, which may cause a severe problem to a healthy social environment and destroy the harmony between the users. This calls for a proper segregation tool to classify various news articles as real or fake. Numerous research has been done on this topic, including the use of Artificial Intelligence (AI). In this work, we propose a deep learning based hybrid framework utilizing Word2Vec embedding and LSTM for fake news detection. As part of our approach, we generate Word2Vec embedding for obtaining vector representations of the news excerpts. The Word2Vec embeddings assist in generating context-free and data agnostic feature vectors for our news articles. The stacked LSTM layers process the extracted feature vectors to obtain the topic-relevant salient features for the news articles. This is followed by two fully connected dense layers for classifying whether the news excerpt under consideration is real or fake. We also perform hyperparameter tuning for achieving a better performance of our model. The proposed model is context-free and independent of datasets as well as topics for fake news detection. We compare the proposed method’s performance with some traditional Machine Learning baseline models, deep learning models, the pre-trained Bidirectional Encoder Representations from Transformers (BERT) via transfer learning, and some recently proposed state-of-the-art models. These models are tested on four datasets belonging to different domains for both training and testing purposes. Our proposed technique outperforms other well-known methods based on various performance metrics through intensive experimentation. © 2023, The Author(s), under exclusive licence to Springer Science+Business Media, LLC, part of Springer Nature.",Complex networks; Fake news detection; Long short-term memory (LSTM); Neural network; Online social networks,Complex networks; Embeddings; Fake detection; Long short-term memory; Context-free; Embeddings; Fake news detection; Features vector; Learning techniques; Long short-term memory; Neural-networks; News articles; Performance; Social media; Social networking (online),Article,Final,,Scopus,2-s2.0-85160413276,Unknown
Laxmi N.M.; Prabakaran N.,"Laxmi, Nallamilli Mounica (59984335700); Prabakaran, N. (57201432836)",59984335700; 57201432836,Fake News Detection and Knowledge Verification on Social Media Using Deep Attention Networks,2025,Proceedings - 2025 IEEE DELCON: International Conference on Recent Smart Technologies in Engineering for Sustainable Development,,,,,,0,10.1109/DELCON68055.2025.11400055,https://www.scopus.com/pages/publications/105036387245?origin=resultslist,"With the exponential growth of user-generated content on social media platforms, the spread of fake news has become a critical challenge, undermining public trust and influencing societal behavior. This research focuses on fake news detection and knowledge verification using Deep Attention Networks, which can capture fine-grained semantic relationships and contextual dependencies in textual data. To achieve realistic and comprehensive evaluation, datasets are collected from diverse social media platforms including Twitter, Facebook, and Reddit, encompassing both verified and misleading content. The proposed methodology involves the implementation of a Deep Attentionbased model and its hierarchical comparison with existing state-of-the-art models such as Convolutional Neural Networks (CNN), Long Short-Term Memory (LSTM), Bi-LSTM, and Transformerbased architectures (e.g., BERT). Each model is evaluated using multiple performance metrics -accuracy, precision, recall, F1-score, and AUC - under various conditions tailored to different social media dynamics. A detailed analysis is presented through graphical representations such as bar charts, ROC curves, and confusion matrices, offering a visual and quantitative understanding of model effectiveness. The results consistently show that the Deep Attention Network provides superior performance in identifying and verifying fake news, especially in linguistically complex and context-rich scenarios. This research underscores the significance of attention mechanisms in enhancing the reliability and interpretability of fake news detection systems and lays the foundation for more robust content verification strategies on digital platforms. © 2025 IEEE.",BERT; Bi-LSTM; deep attention networks; Fake news detection; knowledge verification; Long Short-Term Memory (LSTM); natural language processing (NLP); social media analysis,Arts computing; Behavioral research; Deep neural networks; Graphic methods; Natural language processing systems; Semantics; Social networking (online); BERT; Bi-long short-term memory; Deep attention network; Fake news detection; Knowledge verification; Language processing; Long short-term memory; Natural language processing; Natural languages; Short term memory; Social media analysis; Long short-term memory,Conference paper,Final,,Scopus,2-s2.0-105036387245,Unknown
